image_path,class,network_score
datasets/images/inant_0000.jpg,fungal_fruiting_body,0.7
datasets/images/inant_0001.jpg,fungal_fruiting_body,0.7
datasets/images/inant_0002.jpg,fungal_fruiting_body,0.7
datasets/images/inant_0003.jpg,fungal_fruiting_body,0.7
datasets/images/inant_0004.jpg,fungal_fruiting_body,0.7
datasets/images/inant_0005.jpg,fungal_fruiting_body,0.7
datasets/images/inant_0006.jpg,fungal_fruiting_body,0.7
datasets/images/inant_0007.jpg,fungal_fruiting_body,0.7
datasets/images/inant_0008.jpg,fungal_fruiting_body,0.7
datasets/images/inant_0009.jpg,fungal_fruiting_body,0.7
datasets/images/inant_0010.jpg,fungal_fruiting_body,0.7
datasets/images/inant_0011.jpg,fungal_fruiting_body,0.7
datasets/images/inant_0012.jpg,fungal_fruiting_body,0.7
datasets/images/inant_0013.jpg,fungal_fruiting_body,0.7
datasets/images/inant_0014.jpg,fungal_fruiting_body,0.7
datasets/images/inant_0015.jpg,fungal_fruiting_body,0.7
datasets/images/inant_0016.jpg,fungal_fruiting_body,0.7
datasets/images/inant_0017.jpg,fungal_fruiting_body,0.7
datasets/images/inant_0018.jpg,fungal_fruiting_body,0.7
datasets/images/inant_0019.jpg,fungal_fruiting_body,0.7
datasets/images/inant_0020.jpg,fungal_fruiting_body,0.7
datasets/images/inant_0021.jpg,fungal_fruiting_body,0.7
datasets/images/inant_0022.jpg,fungal_fruiting_body,0.7
datasets/images/inant_0023.jpg,fungal_fruiting_body,0.7
datasets/images/inant_0024.jpg,fungal_fruiting_body,0.7
datasets/images/inant_0025.jpg,fungal_fruiting_body,0.7
datasets/images/inant_0026.jpg,fungal_fruiting_body,0.7
datasets/images/inant_0027.jpg,fungal_fruiting_body,0.7
datasets/images/inant_0028.jpg,fungal_fruiting_body,0.7
datasets/images/inant_0029.jpg,fungal_fruiting_body,0.7
datasets/images/inant_0030.jpg,fungal_fruiting_body,0.7
datasets/images/inant_0031.jpg,fungal_fruiting_body,0.7
datasets/images/inant_0032.jpg,fungal_fruiting_body,0.7
datasets/images/inant_0033.jpg,fungal_fruiting_body,0.7
datasets/images/inant_0034.jpg,fungal_fruiting_body,0.7
datasets/images/inant_0035.jpg,fungal_fruiting_body,0.7
datasets/images/inant_0036.jpg,fungal_fruiting_body,0.7
datasets/images/inant_0037.jpg,fungal_fruiting_body,0.7
datasets/images/inant_0038.jpg,fungal_fruiting_body,0.7
datasets/images/inant_0039.jpg,fungal_fruiting_body,0.7
datasets/images/inant_0040.jpg,fungal_fruiting_body,0.7
datasets/images/inant_0041.jpg,fungal_fruiting_body,0.7
datasets/images/inant_0042.jpg,fungal_fruiting_body,0.7
datasets/images/inant_0043.jpg,fungal_fruiting_body,0.7
datasets/images/inant_0044.jpg,fungal_fruiting_body,0.7
datasets/images/inant_0045.jpg,fungal_fruiting_body,0.7
datasets/images/inant_0046.jpg,fungal_fruiting_body,0.7
datasets/images/inant_0047.jpg,fungal_fruiting_body,0.7
datasets/images/inant_0048.jpg,fungal_fruiting_body,0.7
datasets/images/inant_0049.jpg,fungal_fruiting_body,0.7
datasets/images/inant_0050.jpg,fungal_fruiting_body,0.7
datasets/images/inant_0051.jpg,fungal_fruiting_body,0.7
datasets/images/inant_0052.jpg,fungal_fruiting_body,0.7
datasets/images/inant_0053.jpg,fungal_fruiting_body,0.7
datasets/images/inant_0054.jpg,fungal_fruiting_body,0.7
datasets/images/inant_0055.jpg,fungal_fruiting_body,0.7
datasets/images/inant_0056.jpg,fungal_fruiting_body,0.7
datasets/images/inant_0057.jpg,fungal_fruiting_body,0.7
datasets/images/inant_0058.jpg,fungal_fruiting_body,0.7
datasets/images/inant_0059.jpg,fungal_fruiting_body,0.7
datasets/images/inant_0060.jpg,fungal_fruiting_body,0.7
datasets/images/inant_0061.jpg,fungal_fruiting_body,0.7
datasets/images/inant_0062.jpg,fungal_fruiting_body,0.7
datasets/images/inant_0063.jpg,fungal_fruiting_body,0.7
datasets/images/inant_0064.jpg,fungal_fruiting_body,0.7
datasets/images/inant_0065.jpg,fungal_fruiting_body,0.7
datasets/images/inant_0066.jpg,fungal_fruiting_body,0.7
datasets/images/inant_0067.jpg,fungal_fruiting_body,0.7
datasets/images/inant_0068.jpg,fungal_fruiting_body,0.7
datasets/images/inant_0069.jpg,fungal_fruiting_body,0.7
datasets/images/inant_0070.jpg,fungal_fruiting_body,0.7
datasets/images/inant_0071.jpg,fungal_fruiting_body,0.7
datasets/images/inant_0072.jpg,fungal_fruiting_body,0.7
datasets/images/inant_0073.jpg,fungal_fruiting_body,0.7
datasets/images/inant_0074.jpg,fungal_fruiting_body,0.7
datasets/images/inant_0075.jpg,fungal_fruiting_body,0.7
datasets/images/inant_0076.jpg,fungal_fruiting_body,0.7
datasets/images/inant_0077.jpg,fungal_fruiting_body,0.7
datasets/images/inant_0078.jpg,fungal_fruiting_body,0.7
datasets/images/inant_0079.jpg,fungal_fruiting_body,0.7
datasets/images/inant_0080.jpg,fungal_fruiting_body,0.7
datasets/images/inant_0081.jpg,fungal_fruiting_body,0.7
datasets/images/inant_0082.jpg,fungal_fruiting_body,0.7
datasets/images/inant_0083.jpg,fungal_fruiting_body,0.7
datasets/images/inant_0084.jpg,fungal_fruiting_body,0.7
datasets/images/inant_0085.jpg,fungal_fruiting_body,0.7
datasets/images/inant_0086.jpg,fungal_fruiting_body,0.7
datasets/images/inant_0087.jpg,fungal_fruiting_body,0.7
datasets/images/inant_0088.jpg,fungal_fruiting_body,0.7
datasets/images/inant_0089.jpg,fungal_fruiting_body,0.7
datasets/images/inant_0090.jpg,fungal_fruiting_body,0.7
datasets/images/inant_0091.jpg,fungal_fruiting_body,0.7
datasets/images/inant_0092.jpg,fungal_fruiting_body,0.7
datasets/images/inant_0093.jpg,fungal_fruiting_body,0.7
datasets/images/inant_0094.jpg,fungal_fruiting_body,0.7
datasets/images/inant_0095.jpg,fungal_fruiting_body,0.7
datasets/images/inant_0096.jpg,fungal_fruiting_body,0.7
datasets/images/inant_0097.jpg,fungal_fruiting_body,0.7
datasets/images/inant_0098.jpg,fungal_fruiting_body,0.7
datasets/images/inant_0099.jpg,fungal_fruiting_body,0.7
datasets/images/inant_0100.jpg,fungal_fruiting_body,0.7
datasets/images/inant_0101.jpg,fungal_fruiting_body,0.7
datasets/images/inant_0102.jpg,fungal_fruiting_body,0.7
datasets/images/inant_0103.jpg,fungal_fruiting_body,0.7
datasets/images/inant_0104.jpg,fungal_fruiting_body,0.7
datasets/images/inant_0105.jpg,fungal_fruiting_body,0.7
datasets/images/inant_0106.jpg,fungal_fruiting_body,0.7
datasets/images/inant_0107.jpg,fungal_fruiting_body,0.7
datasets/images/inant_0108.jpg,fungal_fruiting_body,0.7
datasets/images/inant_0109.jpg,fungal_fruiting_body,0.7
datasets/images/inant_0110.jpg,fungal_fruiting_body,0.7
datasets/images/inant_0111.jpg,fungal_fruiting_body,0.7
datasets/images/inant_0112.jpg,fungal_fruiting_body,0.7
datasets/images/inant_0113.jpg,fungal_fruiting_body,0.7
datasets/images/inant_0114.jpg,fungal_fruiting_body,0.7
datasets/images/inant_0115.jpg,fungal_fruiting_body,0.7
datasets/images/inant_0116.jpg,fungal_fruiting_body,0.7
datasets/images/inant_0117.jpg,fungal_fruiting_body,0.7
datasets/images/inant_0118.jpg,fungal_fruiting_body,0.7
datasets/images/inant_0119.jpg,fungal_fruiting_body,0.7
datasets/images/inant_0120.jpg,fungal_fruiting_body,0.7
datasets/images/inant_0121.jpg,fungal_fruiting_body,0.7
datasets/images/inant_0122.jpg,fungal_fruiting_body,0.7
datasets/images/inant_0123.jpg,fungal_fruiting_body,0.7
datasets/images/inant_0124.jpg,fungal_fruiting_body,0.7
datasets/images/inant_0125.jpg,fungal_fruiting_body,0.7
datasets/images/inant_0126.jpg,fungal_fruiting_body,0.7
datasets/images/inant_0127.jpg,fungal_fruiting_body,0.7
datasets/images/inant_0128.jpg,fungal_fruiting_body,0.7
datasets/images/inant_0129.jpg,fungal_fruiting_body,0.7
datasets/images/inant_0130.jpg,fungal_fruiting_body,0.7
datasets/images/inant_0131.jpg,fungal_fruiting_body,0.7
datasets/images/inant_0132.jpg,fungal_fruiting_body,0.7
datasets/images/inant_0133.jpg,fungal_fruiting_body,0.7
datasets/images/inant_0134.jpg,fungal_fruiting_body,0.7
datasets/images/inant_0135.jpg,fungal_fruiting_body,0.7
datasets/images/inant_0136.jpg,fungal_fruiting_body,0.7
datasets/images/inant_0137.jpg,fungal_fruiting_body,0.7
datasets/images/inant_0138.jpg,fungal_fruiting_body,0.7
datasets/images/inant_0139.jpg,fungal_fruiting_body,0.7
datasets/images/inant_0140.jpg,fungal_fruiting_body,0.7
datasets/images/inant_0141.jpg,fungal_fruiting_body,0.7
datasets/images/inant_0142.jpg,fungal_fruiting_body,0.7
datasets/images/inant_0143.jpg,fungal_fruiting_body,0.7
datasets/images/inant_0144.jpg,fungal_fruiting_body,0.7
datasets/images/inant_0145.jpg,fungal_fruiting_body,0.7
datasets/images/inant_0146.jpg,fungal_fruiting_body,0.7
datasets/images/inant_0147.jpg,fungal_fruiting_body,0.7
datasets/images/inant_0148.jpg,fungal_fruiting_body,0.7
datasets/images/inant_0149.jpg,fungal_fruiting_body,0.7
